<?xml version="1.0" ?>
<robot name="Fire Extinguisher">
  <mujoco>
	<compiler 
	meshdir="meshes/"
	balanceinertia="true"
	discardvisual="false" />
  </mujoco>
  <link name="Fire Extinguisher__link">
    <inertial>
      <mass value="0"/>
      <origin xyz="0 0 0" rpy="0 0 0"/>
      <inertia ixx="0" ixy="0" ixz="0" iyy="0" iyz="0" izz="0"/>
    </inertial>
    <collision name="Fire Extinguisher__collision">
      <origin xyz="0 0 0" rpy="0 0 0"/>
      <geometry>
        <mesh filename="package://meshes/nsdt_cloud_202482011185571356.stl" scale="1.0 1.0 1.0"/>
      </geometry>
    </collision>
    <visual name="Fire Extinguisher__visual">
      <origin xyz="0 0 0" rpy="0 0 0"/>
      <geometry>
        <mesh filename="package://meshes/nsdt_cloud_202482011185571356.stl" scale="1.0 1.0 1.0"/>
      </geometry>
    </visual>
  </link>
</robot>
